mint,lon,lat
aachen,6.083333,50.783333
abacaenum,15.102253,38.0505243
abbaetae-mysi,28.75,39.25
abdera_hispania,-3.016667,36.733333
abdera_thrace,24.983333,40.95
abila,35.869214,32.683121
abonuteichos,33.762407,41.976878
abra,-3.959262,37.765419
abydus,26.406964,40.196017
acalissus,30.232071,36.538904
acanthus,23.880112,40.39975
acarnania,21.3167,38.666667
acci,-3.134636,37.300309
accilaeum,30.63,38.445
ace_ptolemais,35.077005,32.921776
acerrae,14.371233,40.946092
achaeum,26.164143,39.813107
achilleion,26.188666,39.989747
achulla,11.03359,35.129754
acinippo,-5.240746,36.832412
acmoneia,29.775001,38.658746
acrae,14.904327,37.061205
acraephia,23.218075,38.448701
acrasus,27.67,39.1
acre,35.07647,32.92814
adada,30.9951,37.5916
adana,35.338677,36.986559
aden,45.03667,12.77944
adharbayjan_umayyad,47.5,40.5
adraa,36.116233,32.625139
adramyteum,27.016667,39.583333
adranum,14.835642,37.662847
aegae_achaea,22.314637,38.154879
aegae_aeolis,27.174421,38.820323
aegae_macedonia,22.313611,40.481111
aegeae_cilicia,35.7886505,36.7695548
aegeira,22.377574,38.131035
aegiale,25.998408,36.90637
aegialus,33.002438,41.891894
aegina,23.433333,37.75
aegina_aegina,23.433333,37.75
aegium,22.081952,38.252707
aegospotami,26.599366,40.331504
aegosthena,23.229288,38.151662
aelia_capitolina,35.234156,31.776679
aenai,24.928581,35.058417
aeneia,22.879124,40.439481
aenianes,22.25209,38.871397
aenus,26.08478228345581,40.725137629304825
aerae,26.701321,38.203961
aesernia,14.230823,41.594348
aetna,14.9,37.566667
aetolian_league,21.677046,38.541455
aezanis,29.617577,39.197142
agathopolis,27.939514,42.0994
aghranatah,-3.60667,37.18817
agra,78.01667,27.18333
agrigentum,13.583333,37.316667
agrippia-caesarea_phanagoria,36.825,45.189
agyrium,14.522598,37.657497
ahmadabad,72.58726,23.02579
ahwaz,48.6842,31.31901
ai_khanoum,69.411854,37.163626
aipora,-6.354245,36.779174
al-andalus,-4.77275,37.89155
al-andalus_malaga,-4.39717,36.75854
al-bab,38.07167,45.50667
al-basrah,47.81507,30.50316
al-fustat,31.24967,30.06263
al-haruniyah,48.3943,34.9975
al-iraq_baghdad,44.40088,33.34058
al-iskandariyah,29.95527,31.21564
al-kufa,44.44017,32.05114
al-maghrib_abbasid,31.24967,30.06263
al-mahdiyah,11.06222,35.50472
al-mansuriyah,10.09633,35.6781
al-mariyah,-2.45974,36.83814
al-mawsil,43.11889,36.335
al-mu'izziyah_al-qahirah,31.24967,30.06263
al-mubarakah,66.8972,36.75635
al-muhammadiyah,51.27743,35.37448
al-mukalla,49.133333,14.533333
al-qahirah,31.24967,30.06263
al-qahirah_al-mahrusah,31.24967,30.06263
al-qayrawan,10.09633,35.6781
al-quds,35.21633,31.76904
al-rafiqah,39.00788,35.95283
al-ramlah,34.86563,31.92923
al-shash,69.21627,41.26465
al-sus,48.2436,32.1942
al-taymarah,51.67462,32.65246
al-urdunn,35.94503,31.95522
al-yamamah,47.32775,24.18211
alabanda,27.958833,37.597785
alaesa,14.262968,37.99808
alaun,-1.116667,41.766667
alba_fucens,13.411669,42.079742
alea,22.450785,37.794666
alexandreia_ad_issum,36.180508,36.57934
alexandreia_arachosia,65.658889,31.602222
alexandreia_egypt,29.909773,31.201435
alexandreia_troas,26.152555,39.76128
alexandretta,36.165,36.5817
alexandria_on_the_caucasus,69.2594,34.947146
alia,29.913185,38.907367
alinda,27.83834,37.559238
alipheira-achaean_league,21.860109,37.541836
allaria,24.599822,35.376405
allifae,14.330592,41.328486
almeria,-2.45974,36.83814
alopeconnesus,26.232605,40.317559
altona,9.9333,53.55
aluntium,14.700314,38.071898
alyzia,20.951657,38.713373
amantia,19.61777,40.467944
amasia,35.8278,40.678674
amastris,32.385648,41.746969
amathus,33.130332,34.712354
ambianum,2.293832,49.892624
amblada,31.737947,37.520983
ambracia,20.990258,39.154876
amestratus,14.362532,37.929543
ami_naea,16.39,39.823
amid,40.21889,37.91583
amisus,36.3313,41.292721
amman,35.94503,31.95522
amol,52.35072,36.46961
amorium,31.2665749,39.026452
amphaxitis,22.956201,40.626402
amphipolis,23.846565,40.823597
amphissa,22.374172,38.518403
amyzon,27.710824,37.608639
anactorium,20.883333,38.916667
anaphe,25.76846,36.350459
anazarbus,35.898549,37.256404
anchialus,27.641374,42.555937
ancona,13.518992,43.615842
ancyra,32.860538,39.943198
ancyra_phrygia,28.8550855,39.1558245
andarabah,69.2602,35.63348
andeda,30.259927,37.27201
andernach,7.4016666666667,50.439722222222
andros,24.933333,37.833333
anemurium,32.8026,36.024269
angermuende,14.0,53.033333333333
aninetus,28.443642,37.933423
ankara,32.85427,39.91987
anklam,13.683333333333,53.85
annapolis_maryland,-76.501158,38.972944
anopolis,24.091067,35.216576
antandrus,26.791496,39.5785
anthemusia,38.424238,36.976075
anticyra,22.626059,38.375439
antigoneia_mantineia,22.391896,37.616619
antigoneia_syria,36.230077,36.26335
antiocheia_ad_cragum,32.428758,36.15025
antiocheia_ad_cydnum,34.9,36.916667
antiocheia_ad_euphratem,37.86555,37.110367
antiocheia_ad_hippum,35.659411,32.778841
antiocheia_ad_maeandrum,28.5742,37.8734
antiocheia_ad_pyramum,35.3812981,36.5631516
antiocheia_ad_sarum,35.338677,36.986559
antiocheia_cebren,26.563032,39.741803
antiocheia_margiana,62.1803034188,37.6684414606
antiocheia_pisidia,31.189704,38.304239
antiocheia_syria,36.15,36.2
antiochia_ad_callirhoem,38.776168,37.176482
antipatris,34.934048,32.116466
antiphellus,29.633333,36.2
antissa,26.020536,39.290364
apamea_phrygiae,30.166,38.071
apameia_myrlea,28.883333,40.376389
apameia_syria,36.4002371,35.4207407
aperlae,29.78329,36.159391
aphrodisias_caria,28.722332,37.708964
aphrodisias_cilicia,33.685873,36.157963
aphytis,23.436606,40.099366
apollonia_ad_rhyndacum,28.677067,40.180504
apollonia_crete,25.018525,35.404896
apollonia_illyria,19.466667,40.716667
apollonia_macedon,23.487396,40.641573
apollonia_mordiaeum,30.457168,38.078904
apollonia_pontica,27.69646,42.417162
apollonia_salbace,29.039064,37.51511
apollonis,27.684641,38.898866
appia,29.982729,39.024583
aptera,24.149388,35.466552
apulia,17.5,40.5
aquileia,13.364601,45.768259
aquilonia,15.475346,40.987863
aquinum,13.705626,41.492208
aradus,35.859448,34.858397
aratikos,-1.50248,41.511128
araxa,29.369329000000004,36.745487
arcadian_league,22.128459,37.410579
arcadian_league_early,21.85941,37.605985
arcesine,25.800018,36.800488
ardabil,48.2933,38.2498
ardashir_khurrah,52.56667,28.91667
arekorata,-1.65,42.03
arelate,4.630799,43.677616
arelate_com,4.62861,43.67694
argilos,23.814948,40.781195
argos_amphilochicum,21.1802673,38.935912
argos_argolis,22.716667,37.616667
argos_orestikon,21.25,40.45
ariassus,30.4885,37.1549
ariminum,12.566667,44.05
arkailikos,-3.066667,41.566667
arketurki,-1.1,41.7
arneae,29.8592455,36.42481875
arnsberg,8.083333,51.383333
arpi,15.555444,41.475654
arran,51.09333,32.70556
arsakoson,-1.64,42.8
arsaos,-1.7,42.8
arse,-0.278608,39.680031
arsinoe_argolis,23.383333,37.566667
arsinoe_crete,24.47,35.355456
artacoana,62.203056,34.341944
arwand,59.5815,36.3805
arycanda,30.059917,36.513517
arzanjan,39.49015,39.73919
arzarum,41.27694,39.90861
ascalon,34.54556,31.669994
aschaffenburg,9.15,49.966666666667
asculum,13.574951,42.855397
asea-achaean_league,22.266667,37.416667
asea,22.261978,37.404133
ashdod,34.652079,31.765635
asia_minor,29.53125,38.9594088
asido,-5.927867,36.467791
asine,21.95,36.783333
asopus,22.854554,36.73044
aspendus,31.1732,36.9382
assorus,14.423874,37.628434
assus,26.339656,39.491621
astacus_acarnania,21.087253,38.547154
astacus_bithynia,29.928794,40.714558
astarabad,54.5,37.0
astibus,22.200552,41.723108
astypalaea,26.35,36.55
astyra,26.682841,40.043192
atarneus,26.927974,39.093987
atella,14.268885,40.967386
athamanes,21.1802673,38.935912
athens,23.7225,37.974722
atiliana,-2.795062,42.488454
atrax,22.234955,39.589816
attaea,28.115927,39.515977
attaleia,30.7003,36.8939
attaleia_lydia,27.75,39.25
attendorn,7.9,51.116667
attica,23.7225,37.974722
attleboro_massachusetts,-71.286111,41.944444
attuda,28.803125,37.838479
augsburg,10.898333333333,48.371666666667
augusta,35.344087,37.245212
augusta_trajana,25.624922,42.42378
aureliopolis,27.877777,38.476241
aurich,7.4836111111111,53.471388888889
ausesken,2.254858016967932,41.92862891937745
autocane,26.75,39.25
avenio,4.806612,43.950668
axum,38.721522,14.125005
axus,24.8420191,35.3080511
ayasuluq,27.36849,37.95137
aydhaj,49.86725,31.83408
azetium,17.005771,41.009167
ba'albakk,36.21806,34.00583
babba,-6.490176,34.335111
babylon,44.42415,32.522907
bacharach,7.7694444444444,50.061111111111
bactra,66.90147,36.767814
baesuri,-7.445494,37.217562
baghdad,44.40088,33.34058
bagis,29.157916,38.665537
baicipo,-5.966667,36.25
bailo,-5.774433,36.09026
baitolo,2.247399,41.450127
balanaea,35.958453,35.195844
balarm,13.33561,38.13205
balbura,29.561145,36.96016
balkh,66.8972,36.75635
balleia,-6.166667,38.466667
balsa,-7.649884,37.125796
bamberg,10.891666666667,49.891666666667
barata,33.086824,37.496919
barby,11.866666666667,51.966666666667
barce,20.8745,32.4945
barcino,2.169911,41.387911
barda,47.12619,40.37577
bardasir,56.57433,29.92266
bargasa,28.412351,37.614949
bargylia,27.586569,37.195722
baria,-1.7728757858275908,37.24662553299897
baris,30.3239,37.871
barium,16.870331,41.129222
barskunes,-1.7,42.75
basti,-2.774569,37.490493
bayana,77.28985,26.90791
bayreuth,11.578333333333,49.948055555556
belaiskom,-2.45,42.0
belgrade,20.46513,44.80401
belikio,-0.1,41.25
benidorm,-0.13098,38.53816
bentian,-1.7,42.8
berlin,13.41053,52.52437
beroea_macedon,22.2,40.516667
beroea_syria,37.149317,36.202753
berytus,35.521306,33.899285
biannos,25.405,35.04349
bielefeld,8.516667,52.016667
bilbilis,-1.603219,41.38201
bingen,7.895,49.966944444444
birytis,26.411219,39.949894
bisaltae,23.25,41.25
bisanthe,27.508023,40.978415
bishapur,51.58111,29.73556
bithynium,31.6,40.733333
bizya,27.765289,41.572702
blaundus,29.210608,38.356771
boeae,23.066667,36.5
boeone,27.03,38.68
bolskan,-0.408948,42.140011
bonn,7.099814,50.733992
bora,-4.039839,37.662473
borneskon,-1.65,41.35
boston,-71.061667,42.357778
bostra,36.48369,32.517831
botrys,35.657598,34.251074
bottiaea,22.533333,40.983333
brandenburg_havel,12.556111111111,52.411666666667
braunschweig,10.521111111111,52.269166666667
2944981,6.7832,50.95954
bremen,8.8,53.083333
bria,29.7418785,38.300984
briula,28.649583,37.961027
brundisium,17.938956,40.63619
brutobriga,-5.800357,38.974054
bruttii,16.25,39.25
bruzus,30.172588,38.527568
bubon,29.415216666666666,36.974003333333336
budapest,19.03991,47.49801
bukhara,64.42861,39.77472
bulla_regia,8.750548,36.555605
bura,22.141,38.153
burg_kalsmunt,8.495556,50.549361
burg_riehl,6.974167,50.968333
burhanpur,76.233333333333,21.3
bursa,29.066667,40.183333
bursau,-1.53187,41.835173
buthrotum,20.016628,39.757066
butuntum,16.691435,41.108479
byblus,35.646846,34.119501
byllis,19.733353,40.550001
byzantium,28.976018,41.01224
cabeira,36.951027,40.609983
cabyle,26.478937,42.528151
cadi,29.411526,39.043048
cadyanda,29.2432,36.7318
caelia,16.86986,41.061016
caenicenses,5.2624512,43.4569065
caesaraugusta,-0.876,41.657
caesareia_ad_libanum,36.038558,34.534907
caesareia_cappadocia,35.483333,38.733333
caesareia_germanica,28.883333,40.166667
caesareia_panias,35.693736,33.247099
caesareia_samaria,34.900416,32.501832
cagliari,9.109522,39.214886
cairo,31.24967,30.06263
calacte,14.440957,38.024241
calagurris_julia,-1.965033,42.303705
calchedon,29.025789,40.983393
cales,14.132176,41.199929
callatis,28.58275,43.817152
callet,-5.626201,37.052305
callipolis,28.4536,37.032454
calymna,27.0081067,36.9783009
calynda,28.831094,36.739613
camarata,-1.298801,35.346511
camarina,14.447788,36.872287
came,27.925873,39.33536
camirus,27.921321,36.336266
campani,14.7,37.8
campano-tarentine,16.0675049,40.5472002
camulodunum,0.901298,51.889852
canatha,36.618201,32.75421
candanus,23.738349,35.330337
candyba,29.6664914,36.308362599999995
canusium,16.066004,41.2225
caphya,22.262624,37.766264
capitolias,35.858043,32.597779
cappadocia,35.4089355,39.0789081
capsa,23.670043,40.342357
capua,14.250357,41.086242
caralis,9.109522,39.214886
carallia,31.91116,36.678196
carbula,-5.019918,37.809644
carcine,33.290274,46.25451
cardia,26.75081,40.548232
carisa,-5.732101,36.877668
carmo,-5.642257,37.471001
carne,35.884375,34.938844
carnuntum,16.866667,48.116667
carrhae,39.028865,36.866351
carson_city,-119.753889,39.160833
carteia,-5.410359,36.183163
carthaea,24.330211,37.560259
carthage,10.312944,36.847009
carthago_nova,-0.991387,37.605678
caryanda,27.516289,37.154297
carystus,24.420381,38.016541
casae,31.951278,36.838503
cascantum,-1.679195,41.998968
cassandreia,23.327812,40.193696
cassope,20.687268,39.140534
castulo,-3.624424,38.037913
catana,15.088142,37.502959
caulonia,16.578485,38.445426
caunus,28.625838,36.828275
caura,-6.05183,37.285041
caystriani,27.75,38.25
cebren,26.563032,39.741803
celenderis,33.318106,36.142487
celle,10.0825,52.625555555556
celsa,-0.437853,41.374996
centuripae,14.740017,37.624073
cephaloedium,14.026402,38.038251
ceraitae,30.599358,37.510173
ceramus,27.961103,37.041038
cerasus,38.397931,40.919134
cercinitis,33.361389,45.203672
ceretapa,29.741952,37.550986
cerit,-6.137337,36.686622
ceryneia,22.143425,38.158659
cestrus,32.352377,36.228763
ceuta,-5.31979,35.88933
cezayir,3.0,28.0
chabacta,36.768,41.236
chaeroneia,22.845235,38.495945
chalcidian_league,23.342665,40.292595
chalcis,23.62194,38.457139
chalcis_sub_libano,36.241643,33.95773
chalketor,27.685712,37.349058
charax_spasinou,47.578031,30.894692
chemnitz,12.916666666667,50.833333333333
cherronesus,33.493302,44.611627
chersonesus_cariae,27.7397919,36.7757425
chersonesus_crete,25.388567,35.319165
chersonesus_thrace,26.5,40.33333
chios,26.136818,38.374769
choma,29.824,36.6315
christianopolis,21.666667,37.233333
christophstal,8.38703,48.47387
cibyra,29.4963,37.1593
cibyra_minor,31.6614125,36.6595255
cidramus,29.129469,37.354017
cidyessus,30.185775,38.747507
cierium,22.075455,39.361088
cimolos,24.57346,36.793183
cirrha,22.450621,38.428937
cisthene,26.813175,39.393183
citanaura,30.356906249999998,36.639758
citium,33.629471,34.929597
cius,29.15639,40.432469
clannudda,28.58,38.31
claudiopolis_bithynium,31.630039,40.753484
claudiopolis_cilicia,33.447321,36.637504
clausthal,10.333056,51.803611
clazomenae,26.785278,38.373889
cleitor,22.123335,37.893544
cleonae,22.775833,37.824444
clunia,-3.36515,41.783929
cnidus,27.371637,36.690171
cnossus,25.163156,35.297961
coburg,10.966667,50.266667
cochem,7.1666666666667,50.146944444444
codrula,30.351609,37.436975
coela,26.367552,40.207121
colbasa,30.404975,37.424422
colchis,42.5,42.5
colone_messenia,21.95,37.1
colone_troas,26.166435,39.677021
colonia_claudia_ara_agrippinensium,6.966667,50.95
colonia_iulia_pia_paterna,10.73,36.65
colonia_patricia,-4.779171,37.884683
colophon,27.198,37.9935
colossae,29.259161,37.790552
colybrassus,31.9643784,36.7347571
comama,30.3371,37.3213
comana,36.610679,40.377306
commagene,36.74,37.25
compulteria,14.327125,41.251934
conana,30.509682,37.952804
consentia,16.253611,39.295395
constantinople,28.976018,41.01224
copae,23.163285,38.501525
copia,16.4502239,39.7506872
coracesium,31.988335,36.546394
corcyra,19.924457,39.60444
corcyra_corcyra,19.924457,39.60444
corcyra_nigra,17.116667,42.95
cordoba,-4.77275,37.89155
corduba,-4.779171,37.884683
coressia,24.307938,37.665886
corinth,22.933333,37.933333
corone,21.962963,36.792813
coroneia,22.957112,38.391204
coronta,21.159936,38.588086
coropissus,33.4685183,36.8278366
corycus,34.148625,36.467249
corydalla,30.273281,36.376674
cos,27.2904682,36.8958903
cosa,11.286503,42.410919
cossura,11.95,36.833333
cotiaeum,29.985689,39.419629
cottbus,14.334166666667,51.760555555556
cranii,20.516369,38.168492
crannon,22.314142,39.497665
cremna,30.6911,37.500139
crete,24.91,35.21
creteia,32.195317,40.798795
cretopolis,30.3168035,37.361242
crithote,26.651664,40.406725
cromna,32.7220917,41.8439896
croton,17.12708,39.080763
ctesiphon,44.580556,33.093611
cumae,14.056082,40.847123
cunbaria,-5.9834719,36.9761239
curium,32.8877,34.6642
cyane,29.815759,36.246592
cybistra,34.078761,37.517006
cyclades,25.166667,37.0
cydonia,24.016667,35.516667
cyme_aeolis,26.942154,38.761848
cyme_euboea,24.1,38.633333
cyparissia,21.681159,37.248527
cypsela,26.394999,40.930067
cyrene,21.85727,32.823041
cyrrhus,36.948956,36.734662
cys,28.423734,37.428882
cythera,22.978222,36.262287
cythnos,24.429784,37.412293
cyzicus,27.892255,40.381323
dahlonega,-83.984722,34.530556
daldis,28.142602,38.668404
dalisandus,32.5,37.65
damascus,36.292,33.513
damastium,20.75,41.083333
damighan,54.34292,36.1679
daniyah,-0.13098,38.53816
daorsia,18.872278,43.619654
dar_al-marz_rasht,49.58319,37.28077
dar_al-salam_baghdad,44.40088,33.34058
darabjird,54.54444,28.75194
darbend,38.07167,45.50667
dardanus,26.37442,40.079727
darmstadt,8.65,49.866666666667
darulhilafet_aliye,28.94966,41.01384
dascyleium,28.062536,40.138708
delhi,77.23149,28.65195
delos,25.26904,37.38948
delphi,22.502106,38.484114
demetrias_syria,36.309102,33.511612
demetrias_thessaly,22.92065,39.344269
denver,-104.984722,39.739167
derbe,33.163889,37.438889
derrones,21.36,41.25
dertosa,0.520955,40.811004
dessau,12.246111111111,51.834166666667
detmold,8.883333,51.933333
deultum,27.266667,42.4
deutz,6.987778,50.934722
dia,31.123807,41.087499
dicaea_macedon,22.947121,40.460491
dicaea_thrace,25.165653,40.99287
dimashq,36.29128,33.5102
diocaesareia_cilicia,33.914642,36.578602
diocleia,29.942013,38.682465
dionysopolis_phrygia,29.411864,38.233858
dionysopolis_thrace,28.162771,43.42563
dioscome,29.595458,38.630906
dioscurias,41.003076,42.993299
dioshieron,28.083254,38.227646
diospolis,34.891688,31.965599
dipaea-achaean_league,22.254905,37.541156
dipo,-7.43,39.292
dium_macedon,22.486065,40.172688
docimeium,30.750706,38.862583
dodona,20.793225,39.546507
doliche,37.359985,37.153671
donauwoerth,10.8,48.7
dora,34.927477,32.615982
dorsten,6.964167,51.66
dortmund,7.466667,51.516667
dorylaeum,30.51684,39.77489
dresden,13.733333,51.033333
dueren,6.4833333333333,50.8
duesseldorf,6.783333,51.233333
duisburg,6.762692,51.435147
dunaysir,44.16797,29.46224
dura-europus,40.73,34.747
dyme,21.551425,38.144625
dyrrhachium,19.45,41.316667
eberswalde,13.833055555556,52.833055555556
ebora,-7.909615,38.570846
ebura_cerealis,-3.916667,37.45
ebusus,1.432146,38.908393
ecbatana,48.516247,34.8065
eccarra,22.21147,39.08032
echinus,20.9101152,38.9082666
edessa_macedon,22.05076,40.80226
edessa_mesopotamia,38.776168,37.176482
edirne,26.55597,41.67719
edoni,23.81,40.89
eichstaett,11.183888888889,48.891944444444
einbeck,9.8666666666667,51.816666666667
eion,23.855317,40.788411
eisenach,10.324444444444,50.974722222222
eisleben,11.55,51.516666666667
ekualakos,-7.798889,41.101667
elaea,27.055256,38.941644
elaeus,26.223326,40.054457
elaeusa,34.174114,36.483812
elateia,22.764982,38.626349
elea,20.560388,39.444248
eleusis,23.533333,38.033333
eleutherna,24.684822,35.328097
eleutheropolis,34.887973,31.62077
elizabeth_town_new_jersey,-74.209167,40.662222
eltville,8.1200694444444,50.025
elyrus,23.794048,35.283178
emden,7.2061111111111,53.366944444444
emerita,-6.34567,38.916159
emisa,36.724237,34.751899
emporiae,3.108503,42.132111
enna,14.279558,37.567652
ensisheim,7.3525,47.865555555556
entella,13.184128,37.728871
ephesus,27.340833,37.939722
epidaurus,23.160067,37.63328
epiphaneia_cilicia,36.199705,36.955056
epiphaneia_syria,36.757062,35.163546
epirus,20.787778,39.546389
epora,-4.381896,38.026033
ercavica,-2.669233,40.431836
eresus,25.931389,39.168611
eretria,23.783333,38.383333
erfurt,11.029166666667,50.978055555556
erlangen,11.004444444444,49.596388888889
erythrae,26.479047,38.381944
eryx,12.583607,38.036517
esbus,35.801042,31.786736
eso,1.048056,42.12
etenna,31.438444,36.993117
etruria,11.6125488,42.8759641
euboean_league,23.783333,38.383333
eucarpeia,30.113951,38.486522
euchaitis,35.28003,40.572478
euhesperides,20.091198,32.109789
euippe,28.086631,37.787596
eumeneia,29.845162,38.321795
eupatris,36.01,33.76
eurea,22.26,39.8
euromus,27.673196,37.378355
eurymenae,22.734388,39.864767
eusebeia,35.484989,38.728033
eustibaikula,2.169444,41.629167
euthenai,28.259418,36.935973
euxine_region,28.47,44.55
failaka,48.274487,29.433698
fars_shiraz,52.53113,29.61031
farwan,52.54802,35.21701
fas,-4.9998,34.03715
fasa,53.6482,28.9383
fenseris,14.518,40.973
filastin,34.86563,31.92923
flaviopolis,35.8,37.45
flensburg,9.4366666666667,54.781944444444
frankfurt_main,8.683333,50.116667
frankfurt_oder,14.55,52.35
franzburg,12.866666666667,54.166666666667
freiberg,13.342777777778,50.911944444444
freiburg_breisgau,7.8497222222222,47.994722222222
fuerstenwalde,14.066666666667,52.366666666667
fuerth,10.990277777778,49.478333333333
fulda,9.6775,50.552777777778
fulvia,29.8486215,38.320018000000005
gaba,35.144592,32.61367
gabala,35.922327,35.378062
gadara,35.677841,32.655548
gades,-6.29,36.533333
gagae,30.3475,36.288784
gainesville_georgia,-83.833889,34.304444
galaria,14.533333,37.716667
galepsus,23.688564,40.200006
gambrium,27.3204017,39.0910834
gandersheim,10.025277777778,51.871944444444
gangra,33.514489,40.647446
gargara,26.538692,39.533479
garhgaon,77.02635,28.4601
gaulos,14.250244,36.041526
gaza,34.458046,31.510975
gaziura,36.059111,40.404051
gela,14.258219,37.063156
gelnhausen,9.166667,50.2
gentinus,26.279146,39.876943
gerasa,35.892081,32.276465
gergis,26.609255,39.898491
germanicia_caesareia,36.925326,37.586682
germanicopolis_cilicia,32.892184,36.640309
germanicopolis_paphlagonia,33.514489,40.647446
germe,27.690683,39.36872
germe_galatia,31.62822,39.53262
gerrha,50.0770569,25.9453878
geto_dacian,25.49,43.85
ghaza,34.46667,31.5
ghazna,68.42096,33.55391
gittelde,10.1875,51.800277777778
glueckstadt,9.4219444444444,53.791666666667
goettingen,9.9355555555556,51.533888888889
golgi,33.546609,35.065649
gomphi,21.691299,39.453328
gonnus,22.474276,39.861822
gordus_julia,28.31421,38.876702
gorgan,54.5,37.0
gorgippia,37.310251,44.892209
gortyna,24.946944,35.063333
gortys-achaean_league,22.03544,37.536675
goslar,10.43,51.907222222222
gotha,10.718333,50.948889
graccurris,-1.749327,42.178586
gracurris,-1.749327,42.178586
granada,-3.60667,37.18817
graxa,16.95,40.8
greece,22.1044922,38.7712164
greifswald,13.383333333333,54.083333333333
grimenothyrae,29.5923615,38.6737171
grynium,27.069173,38.874665
gumush_bazar,35.21472,40.87306
gyaros,24.716667,37.616667
gyrton,22.569853,39.798151
gythium,22.56286,36.756482
hadrianeia,28.634216,39.59133
hadriani_ad_olympum,28.998851,39.906135
hadrianopolis_phrygia,31.637066,38.232144
hadrianopolis_thrace,26.566667,41.666667
hadrianothera,27.910653,39.60672
hadrumetum,10.63878,35.825866
haguenau,7.7877777777778,48.816666666667
haithabu,9.5652777777778,54.491111111111
halab,37.16117,36.20124
halberstadt,11.046666666667,51.895833333333
haliartus,23.1,38.366667
halicarnassus,27.41724,37.035173
halieis,23.136994,37.301493
halle,11.966667,51.483333
halos,-4.15,37.166667
halus,22.75,39.183333
hamadhan,48.51456,34.79922
hamah,36.75783,35.13179
hamaxitus,26.09471,39.543605
hamburg,10.001389,53.565278
hameln,9.36,52.103055555556
hanau,8.9166666666667,50.133333333333
hannover,9.7386111111111,52.374444444444
harat,62.19967,34.34817
harpagion,27.391984,40.334274
harpasa,28.362084,37.796623
harran,39.03139,36.86
harunabad,48.3943,34.9975
hatra,42.720863,35.586199
hatria,13.981081,42.5802
havelberg,12.074444444444,52.825
hecatompylos,54.037505,35.96168
heidelberg,8.716667,49.416667
heilbronn,9.2166666666667,49.15
heinrichstadt,10.5373,52.16232
helice,22.144303,38.220538
heliopolis,36.200556,34.015363
helmstedt,11.010555555556,52.228055555556
hephaestia,25.31712,39.96314
heraclea_ad_latmum,27.524722,37.501944
heraclea_lucaniae,16.678299,40.213021
heraclea_minoa,13.280904,37.394042
heraclea_salbace,28.9847,37.6235
heraclea_thracica,27.95528,40.97003
heracleia_ad_sipylum,27.15813485,38.6185505
heracleia_illyricum,16.45,43.166667
heracleia_pontica,31.414722,41.284722
heracleia_sintica,23.250111,41.433395
heracleia_trachinia,22.447577,38.792037
heraea,21.85941,37.605985
herbessus,14.300237,37.428706
herborn_hesse,8.3061111111111,50.6825
herdoniae,15.628294,41.316575
hermione,23.243591,37.385218
hermocapelia,27.614993,38.921548
hersfeld,9.7066666666667,50.868333333333
hierapolis_bambyce,37.954539,36.526118
hierapolis_phrygia,29.146,37.9074
hierapytna,25.740363,35.010026
hierocaesareia,27.787742,38.756891
hieropolis_castabala,36.1887932,37.1806978
hieropolis_phrygia,30.197699,38.461767
hildesheim,9.95,52.15
hillah,44.41963,32.46367
himera,13.816667,37.966667
hims,36.72339,34.72682
hipana,13.432761,37.722097
hippo_regius,7.755129,36.883651
hipponium,16.097648,38.675581
hippus,35.659411,32.778841
hisn_kayfa,41.41459,37.71308
hispalis,-5.996293,37.382668
hispano-punic,-6.1578369,36.8224776
hispanorum,14.497222,37.433333
histiaea,23.090527,38.946604
hoechst,8.5466666666667,50.098888888889
hoexter,9.366667,51.766667
holmi,33.887079,36.325934
homolium,22.634618,39.90411
hornburg,10.616667,52.016667
hybla_magna,14.90091,37.567342
hyde,33.517464,37.440842
hydisus,27.800872,37.162268
hyllarima,28.347059,37.498214
hypaepa,27.962914,38.248459
hypana-achaean_league,21.755423,37.538801
hypata,22.25209,38.871397
hyporum,16.062018,37.947209
hyrcanis,27.667099,38.667539
hyrgaleis,29.25,38.25
hyria_campania,14.518,40.973
hyrium,17.642785,40.496983
hyrtacina,23.73635,35.274179
iaetia,13.197999,37.967325
iaka,-0.55,42.55
ialysus,28.142222,36.400278
iantinum,2.8883,48.9603
iasus,27.585572,37.278149
icarus,48.274487,29.433698
ichnae,22.591256,40.764014
iconium,32.5161,37.847054
icosium,3.056709,36.7718
icus,23.900777,39.163501
idalium,33.412994,35.019966
idyma,28.367319,37.059443
ieso,1.290558,41.786644
ifriqiyah,10.16579,36.81897
ikalesken,-1.749431,39.440732
ikesankom,-3.364135,40.481662
ilercavonia_with_dertosa,0.520955,40.811004
ilerda,0.62579,41.614118
iliberi,-3.597934,37.176484
ilici,-0.6953,38.2396
ilipa,-6.679208,37.360102
ilipense,-5.978254,37.518215
ilipla,-6.679208,37.360102
ilistra,33.02484443333333,37.19722183333334
iliturgi,-3.80883,37.968343
ilium,26.238889,39.9575
iliya,35.21633,31.76904
iliya_palestine,35.21633,31.76904
illici,-0.6953,38.2396
ilmenau,10.914166666667,50.687222222222
ilse,-6.157627,37.525577
iltiraka,-4.87,38.54
iltirkesken,2.5,42.0
iltirta,0.62579,41.614118
iltukoite,-0.66,40.98
ilturo,2.393392,41.526084
ilurco,-3.767231,37.267154
imachara,14.398112,37.748625
imbros,25.903047,40.233058
india,71.2792969,28.6905877
ingolstadt,11.426111111111,48.763611111111
iol,2.196871,36.606832
iolla,26.994,39.508
ionia,27.1417236,38.2122881
ios,25.333333,36.716667
iotape,32.235969,36.319837
ipora,-4.266667,37.55
ipses,-8.591119,37.142392
iptuci,-5.555577,36.789695
irbil,44.01062,36.19257
irenopolis,36.462152,37.249515
irippo,-5.391451,37.001163
irminiyah_dwin,44.58376,40.01984
irnthii,14.25,40.84
isaura,32.24503,37.190126
isaura_nova,32.365922,37.17135
isbahan,51.67462,32.65246
isfahan,51.67462,32.65246
ishbiliyah,-5.97317,37.38283
isinda,30.1619,37.0675
islambol,28.94966,41.01384
issa,16.15,43.033333
issus,36.164444,36.838333
istakhr,52.915364,29.94045
istanbul,28.983023911714366,41.011025676813894
istrus,28.774722,44.5475
italica,-6.046795,37.443901
itanus,26.264787,35.267791
ithaca,20.638399,38.44193
ituci,-6.363638,37.44811
iulia,30.547365,38.854427
iuliopolis,31.562376,40.127261
iulis,24.340442,37.640469
izmir,27.13838,38.41273
jannaba,50.517,29.5791
jayy,51.67462,32.65246
jena,11.586388888889,50.927222222222
jerusalem,35.234156,31.776679
jever,7.9008333333333,53.574444444444
joppa,34.74774,32.052436
juelich,6.358333,50.922222
jueterbog,13.072777777778,51.993333333333
julia_traducta,-5.447744,36.129768
jundi_sabur,48.6842,31.31901
jungheit,6.083332,50.783333
kabul,69.17233,34.52813
kaio,1.19363,41.2178
kaisesa,-2.639167,41.069167
kaiskata,-1.68333,42.0
kalakorikos,-1.965033,42.303705
karalus,-1.1,40.34
karaues,-2.64,41.06
karit,24.89502,35.15585
kashan,51.43644,33.98308
kashghar,75.98951,39.47066
kayfa,41.41459,37.71308
kazirun,51.65415,29.61949
kelin,-1.278611,39.558333
kempten,10.316666666667,47.733333333333
kese,1.185439,41.089418
khilat,42.48135,38.75178
khoqand,70.9425,40.52861
khoy,44.9521,38.5503
kili,-0.6,39.62
kirman,53.0,32.0
kleve,6.1352777777778,51.7875
kloster_zinna,13.1039,52.0225
koblenz,7.597778,50.359722
koenigslutter,10.816666666667,52.25
konstanz,9.1752777777778,47.663333333333
konterbia_belaiska,-1.030536,41.509148
konterbia_karbika,-2.688889,40.1475
kueliokos,-0.55,41.5
kyritz,12.397222222222,52.942222222222
lacanatus,36.25,37.25
lacedaemon,22.430937,37.073678
lacipo,-5.273526,36.443331
laeaei,22.5,42.5
laelia,-6.165904,37.427015
laerte,32.153301,36.51916
lagbe,29.924947,37.142961
lahur,74.34361,31.54972
laiesken,2.183,41.383
lakine,-1.1,40.34
lalassis,33.25,36.75
lamia,22.442593,38.902996
lamponeia,26.421229,39.538105
lampsacus,26.699162,40.346685
lamus,32.450363,36.2407
landau,8.1230555555556,49.199444444444
laodiceia_ad_libanum,36.54147,34.572648
laodiceia_ad_lycum,29.136425,37.855246
laodiceia_ad_mare,35.783333,35.516667
laodiceia_combusta,32.374024,38.192186
laodiceia_pontus,35.893021,40.910399
lapethus,33.202109,35.350592
lappa,24.336077,35.28658
laranda,33.216363,37.181514
larinum,14.919231,41.807133
larisa,27.033411,38.689068
larissa_cremaste,22.851018,38.946126
larissa_phriconis,27.033411,38.689068
larissa_thessaly,22.416667,39.641667
larissa_troas,26.147559,39.615744
las,22.498245,36.725537
lascuta,-5.723687,36.460524
lastigi,-6.269587,37.523585
latus,25.656483,35.179924
lauro,2.298222,41.647877
laus,15.8244,39.767685
lebadeia,22.866667,38.433333
lebedus,26.964722,38.077883
ledon,22.680539,38.654801
leeds,-1.549167,53.799722
leipzig,12.383333333333,51.333333333333
lemgo,8.9116666666667,52.027222222222
lemnos,25.25,39.916667
leontini,14.998115,37.285478
leptis_magna,14.2922,32.636748
leptis_minor,10.883524,35.671085
lesbos,26.333333,39.166667
letaisama,-2.716,42.316
lete,22.978076,40.74493
leucae,26.856796,38.546745
leucas,20.713116,38.807342
libya,17.2705078,30.1831218
lilaea,22.517809,38.628847
lilybaeum,12.437452,37.798405
limyra,30.170238,36.341965
lindau,9.6838888888889,47.545833333333
lindus,28.083333,36.083333
lipara,14.953897,38.467419
lissus,19.636923,41.78257
lisus,23.74,35.27
lix,-6.11037,35.198727
2515036,-0.596901,39.628528
locri_epizephyrii,16.259895,38.23642
locris,23.0846786,38.629276
londinium,-0.088949,51.513335
london,-0.12574,51.50853
longane,15.168053,38.082515
lorch_hesse,7.80375,50.044097222222
lorsch,8.5675,49.653888888889
louitiskos,-2.75,42.5
loutiakos,-2.445851,40.972242
lu'lu'ah,34.48528,37.54776
luceria,15.335884,41.50923
lucus_augusti,-7.55602,43.00992
luebeck,10.686388888889,53.869722222222
lueneburg,10.414444,53.2525
lugdunum,4.819444,45.759722
lur-i_kuchek,48.26258,33.86419
lusi-achaean_league,22.116811,37.969024
lycia,29.8141479,36.3704335
lycoa-achaean_league,22.313916,37.529952
lydae,28.858165740966474,36.61859328689249
lydia,28.0254364,38.5121764
lyrbe,31.475921,36.873988
lyrceia-achaean_league,22.643094,37.686635
lysias,29.75,38.25
lysimachia,26.75081,40.548232
lysinia,30.064249,37.694309
lystra,32.2113776,37.6635415
lyttus,25.37034,35.212883
ma'dan,46.40576,39.20754
ma'dan_al-shash,69.21627,41.26465
macedonia,22.41,40.79
macedonia_1st_region,23.846565,40.823597
macedonia_2nd_region,22.956201,40.626402
madinat_abrashahr,58.79576,36.21329
madinat_al-salam,44.40088,33.34058
madinat_al-zahra,-4.86852,37.88607
madinat_amul,52.35072,36.46961
madinat_arzarum,41.27694,39.90861
madinat_balkh,66.8972,36.75635
madinat_bukhara,64.42861,39.77472
madinat_hamadhan,48.51456,34.79922
madinat_harat,62.19967,34.34817
madinat_isbahan,51.67462,32.65246
madinat_jayy,51.67462,32.65246
madinat_naysabur,58.79575,36.21329
madinat_nisibin,41.2178,37.0778
madinat_quniyah,32.48464,37.87135
madinat_sabtah,-5.31979,35.88933
madinat_samarqand,66.95972,39.65417
madinat_sijilmasah,-4.28,31.28
madinat_siqilliyah,13.33561,38.13205
madinat_siwas,37.01611,39.74833
madinat_sultaniyah,48.7976,36.4348
madinat_tabriz,46.2919,38.08
madinat_tilmisan,-1.315,34.87833
madinat_zaranj,61.86037,30.95962
madytus,26.357002,40.186504
maeonia,28.491469,38.535161
magdeburg,11.616666666667,52.133333333333
magna_graecia,16.5893555,40.2250242
magnesia_ad_maeandrum,27.533091,37.853091
magnesia_ad_sipylum,27.425833,38.613056
magydus,30.800301,36.849798
makkah,39.82563,21.42664
malaca,-4.416667,36.716667
malienses_lamia,22.442593,38.902996
malla,25.581903,35.083064
mallus,35.3812981,36.5631516
mamertini,15.55,38.18
mannheim,8.4630555555556,49.483611111111
mansfeld,11.454722222222,51.594166666667
mantineia,22.391896,37.616619
marathus,35.908186,34.8265
marcianopolis,27.585033,43.22504
mardin,40.74357,37.31309
marium,32.436032,35.037245
maroneia,25.51912954421358,40.90636915640242
marrakesh,-7.99994,31.63416
marsberg,8.833333,51.45
marw,61.83031,37.59378
mashhad,59.56796,36.31559
mashhad_muqaddas,59.56796,36.31559
masonsa,1.24,41.11
massalia,5.382499,43.296854
mastaura,28.363927,37.944529
mauretania,-5.81,35.79
mayyafariqin,41.00806,38.14194
mecca,39.82563,21.42664
medaba,35.7942,31.71765
medeon,21.125024,38.782497
mediolanum,9.18806,45.463746
megalopolis,22.128459,37.410579
megara,23.340163,37.985078
megara_hyblaea,15.181777,37.203717
megiste,29.58653,36.141024
meissen,13.4775,51.163611111111
meliboea,22.799444,39.748889
melita,14.403056,35.885833
melitaea,22.451554,39.045599
melos,24.423276,36.743864
memphis,31.250917,29.844667
menaenum,14.69094,37.266404
mende,23.39806,39.971454
merseburg,12.0,51.366666666667
mesembria,27.7181,42.660417
mesma,15.976368,38.487328
messana,15.556634,38.192251
messene,22.0,37.05
metapontum,16.822782,40.3831258
methana,23.349005,37.586689
methone_macedon,22.587828,40.446376
methone_messenia,21.707315,36.81801
methydrium_arcadia,22.168912,37.627412
methydrium_thessaly,22.57,39.37
methylium,21.1802673,38.935912
methymna,26.166667,39.366667
metropolis_acarnania,21.25,38.75
metropolis_ionia,27.324524,38.123992
metropolis_phrygia,30.490599,38.241194
metropolis_thessaly,22.5,39.5
metuainum,-2.899,42.146
midaeum,30.844764,39.800085
miletopolis,28.316486,40.083458
miletus,27.278369,37.530233
milledgeville_georgia,-83.233333,33.087778
minoa,25.861108,36.821263
mirtiles,-7.65,37.633333
misr,31.24967,30.06263
moda,23.65,35.46
modava,21.61806,44.72528
moers,6.6197222222222,51.459166666667
mogontiacum,8.271111,50.0
molossi,20.25,39.75
montbeliard,6.8,47.51
mopsium,22.420555,39.78742
mopsuestia,35.6257439,36.9588426
mopsus,35.6238689,36.958568
morgantina,14.479296,37.431079
moritzberg_hildesheim,9.91722,52.1506
morristown_new_jersey,-74.478611,40.798889
mostene,27.7,38.2
mosul,43.11889,36.335
mothone,21.707315,36.81801
motya,12.469267,37.866342
muehlhausen_thuringia,10.45,51.216666666667
muelheim_am_rhein,7.004167,50.962222
muenster,7.633333,51.966667
muenzenberg,8.7761111111111,50.453333333333
mundburg,10.367902,52.519156
munich,11.566667,48.133333
murshidabad,88.27171,24.1839
muscat,58.5922,23.61387
mycalessus,23.519602,38.41672
myconos,25.328619,37.445959
mylasa,27.783333,37.316667
myndus,27.2296357,37.0563587
myra,29.993638,36.250801
myriandrus,36.110356,36.565848
myrina_aeolis,26.985537,38.840097
myrina_lemni,25.06186,39.878652
myrlea,28.883333,40.376389
mytilene,26.552371,39.104812
mytistratus,13.916729,37.598609
myus,27.433117,37.595252
nabrisa,-6.078402,36.919504
nacoleia,30.718444,39.478001
nacona,14.47,37.43
nacrasa,27.705557,39.059088
nagidus,32.9758287,36.0962736
nakhjuwan,45.41222,39.20889
narbo,3.0042,43.1836
natunia,43.605,36.311
naucratis,30.591777,30.90071
naulochus,27.26,37.75
naumburg,11.816666666667,51.15
naxos,25.377595,37.103871
naxus,15.266688,37.825317
naysabur,58.79576,36.21329
neandria,26.270341,39.719741
neapolis_ad_harpasum,28.397699,37.690157
neapolis_campania,14.25287,40.839995
neapolis_ionia,28.397699,37.690157
neapolis_macedon,24.413063,40.933608
neapolis_syria,35.262892,32.220859
nemausus,4.360278,43.834875
neocaesareia,36.95,40.583333
neoclaudiopolis,35.462095,41.153629
neon,22.665433,38.584865
neonteichos,27.032015,38.654427
neopolis,15.266688,37.825317
neretum,18.030423,40.175928
neronken,3.004098,43.183585
nertobis,-1.35,41.53
nesos,26.654808,39.336684
neuss,6.7,51.2
neuwied,7.461389,50.428611
new_haven_connecticut,-72.923611,41.31
new_orleans,-90.05,29.966667
new_york_city,-74.0059,40.7127
newburgh_new_york,-74.019444,41.519722
nicaea_bithynia,29.7195,40.429
nicaea_lydia,28.088427,38.161899
nicomedia,29.916667,40.766667
nicopolis_ad_istrum,25.612232,43.217925
nicopolis_ad_lycum,38.139381,40.160511
nicopolis_ad_nestum,23.815278,41.605833
nicopolis_epirus,20.736054,39.008011
nicopolis_judea,34.989193,31.83926
nicopolis_seleucidis,36.631648,37.025361
nicosia,33.347297,35.157167
nineveh,43.152778,36.359444
ninica,33.433701,36.644396
nisa,58.150076,38.227122
nishapur,58.79576,36.21329
nisibin,41.2178,37.0778
nisibis,41.216667,37.066667
nisyros,27.172056,36.587875
nola,14.528564,40.925875
nordhausen,10.791111111111,51.505
2641451,-0.496719,53.3806
nuceria,14.673929,40.743128
nuceria_alfaterna,14.673929,40.743128
numantia,-2.444447,41.809392
numidia,6.611944,36.3675
nuremberg,11.083333,49.45
nymphaeum,36.417269,45.237602
nysa,28.151194,37.887783
nysa_scythopolis,35.504002,32.504649
oba,-5.453482,36.434053
oberwesel,7.7213888888889,50.111111111111
obulco,-4.184754,37.870867
ococleia,29.95,38.45
odessus,27.908595,43.212074
odomanti,23.75,41.25
odrysae,26.5,42.5
oea,13.175266,32.897586
oeantheia,22.191004,38.342137
oeniadae,21.195384,38.406649
oenoanda,29.560692,36.813153
oenoe,26.166667,37.583333
oeta,22.288611,38.828611
offenbach,8.7666666666667,50.1
oilaunikos,-2.174,42.113
okalakom,-2.316667,41.966667
olba,33.9254057,36.5816552
olbasa,29.994758,37.303094
olbia,31.901597,46.691895
olbia_pamphylia,30.606592749999997,36.8714125
2652618,0.903,51.8917
olontigi,-6.248394,37.305179
olophyxus,24.185,40.330422
olus,25.738816,35.257679
olympe,19.583333,40.416667
olympia,21.636036,37.635847
olympus,30.474637,36.39685
olynthus,23.342665,40.292595
onoba,-6.949713,37.257074
ontikes,-0.61,42.22
onuba,-6.949713,37.257074
ophrynium,26.343963,40.035846
oranienburg,13.236944444444,52.754444444444
orchomenus_arcadia,22.314403,37.725676
orchomenus_boeotia,22.983333,38.483333
oregon_city_oregon,-122.607222,45.357222
oricus,19.475022,40.327623
orion,24.914,35.2007
orippo,-5.922275,37.283163
oropus,23.75,38.283333
orrescii,23.568,41.61
orthagoreia,23.581466,40.389442
orthagoreia_thrace,25.746293,40.854379
orthe,22.193106,39.708507
orthosia_caria,28.252865,37.827987
orthosia_phoenicia,35.933333,34.716667
osca,-0.408948,42.140011
osicerda,-0.433333,41.216667
osset,-6.035436,37.358375
ostia,12.287656,41.754855
ostur,-6.429457,37.387743
otrus,29.958841,38.451497
paderborn,8.766667,51.716667
paestum,15.005569,40.422631
pagae,23.197116,38.084923
palaeobeudos,30.642464,38.547839
palaeopolis,29.995409,37.496187
palaerus,20.829086,38.831941
pale,20.437481,38.222555
palermo,13.33561,38.13205
palestine,35.20329,31.92157
pallantium,22.336587,37.462155
palmyra,38.267222,34.56
paltus,35.927407,35.272667
pandosia_bruttium,16.557488,40.244355
pandosia_epirus,20.686861,39.273938
panormus,13.366667,38.116667
panticapaeum,36.468056,45.338611
paphus,32.4075651,34.7599306
papmphylia,30.875,36.999
pappa_tiberiopolis,31.923399,37.904232
paris,2.3488,48.85341
parium,27.069096,40.420499
parlais,30.782716,38.017643
paropus,13.933333,37.916667
paros,25.150728,37.08579
parrhasia,22.25,37.25
parthia,53.1738281,32.3242756
patara,29.313364,36.260565
patrae,21.733333,38.25
pautalia,22.688244,42.281134
pax_julia,-7.865225,38.015604
pednelissus,30.9344825,37.2137522
pegau,12.25,51.166667
peiraeeus,36.3313,41.292721
peirasiae,22.0874548,39.5089412
pelagia,21.1802673,38.935912
pelinna,21.502991,39.846504
pella_macedon,22.525642,40.760033
pella_syria,35.613423,32.449809
pellene,22.548344,38.043207
peltae,29.63974,38.1588566
peparethus,23.716667,39.116667
pergamum,27.183333,39.116667
perge,30.855068,36.962229
perinthus,27.952973,40.971013
peripolium,14.43,41.32
perperene,26.962332,39.240505
perrhaebia,21.75,39.75
persia,28.040286,38.488314
pessinus,31.584444,39.333889
petelia,17.05108,39.266064
petra_arabia,35.441944,30.328611
petra_sicily,13.598601,37.677368
petthali,22.5,39.2
peumata,22.5310489,39.200915
pforzheim,8.7166666666667,48.9
phacium,22.217,39.567
phaestus,24.810922,35.051267
phalanna,22.193106,39.708507
phalasarna,23.580383,35.500941
phaloria,21.522324,39.846628
phanagoria,36.825,45.189
pharae,23.622995,38.365511
pharcadon,22.066667,39.583333
pharnaceia,38.397931,40.919134
pharos,16.601041,43.184286
pharsalus,22.385,39.285
phaselis,30.6,36.523611
phellus,29.66928,36.241748
pheneus,22.295238,37.919454
pherae,22.753851,39.379043
phigaleia-phialia_achaean_league,21.844786,37.395872
phigaleia,21.844786,37.395872
philadelpheia_cilicia,33.03945,36.620268
philadelpheia_lydia,28.530904,38.30468
philadelpheia_syria,35.926084,31.930983
philadelphia_pennsylvania,-75.17,39.95
philippi,24.286389,41.013056
philippopolis,24.749842,42.143739
philisto-arabian,34.6247864,31.5832151
philomelium,31.429822,38.356716
phistelia,14.57,41.11
phlius,22.641069,37.831664
phocaea,26.753208,38.670353
phoenice,20.057744,39.912324
pholegandros,24.9,36.616667
phygela,27.2766495,37.9146801
physcus,28.276899,36.863121
phytia_acarnania,21.612658,38.490175
phytia_thrace,25.5,40.9
piacus,14.95,37.666667
pimolisa,34.709815,41.013237
pinara,29.256891,36.489655
pincum,21.510941,44.760588
pionia,27.579568,39.626196
pisa,21.653041,37.639535
pitane,26.937453,38.928297
placia,28.27741,40.397648
plarasa,28.634407,37.623843
plataea,23.266944,38.215556
plotinopolis,26.499702,41.358625
podalia,30.052253,36.685847
pogla,30.27671,37.307269
poimanenum,27.892299,40.07897
polichna,23.895571,35.487137
polyrhenium,23.657098,35.466785
pompeiopolis,34.214722,41.513889
pontus-paphlagonia,31.9482422,41.178654
populonia,10.491389,42.989444
pordosilene,26.654808,39.336684
poseidium,27.2141647,35.5074263
poseidonia,15.005569,40.422631
potidaea,23.327812,40.193696
potsdam,13.066666666667,52.4
praesus,26.089695,35.141666
prenzlau,13.866666666667,53.316666666667
priansus,25.258393,35.045887
priapus,27.303743,40.403338
priene,27.297778,37.659722
proconnesus,27.55568,40.591686
proerna,22.297255,39.241243
proni,20.776722,38.145962
propontis,27.5097656,41.0462168
prostanna,30.838521,37.864632
pruem,6.4244444444444,50.208055555556
prusa_ad_olympum,29.066667,40.183333
prusias_ad-hypium,31.15,40.833333
prusias_ad_mare,29.15639,40.432469
prymnessus,30.569147,38.697462
psophis,21.892903,37.871725
ptolemais_pamphylia,31.796030666666667,36.61012933333333
punic,14.9414063,37.753344
pydna,22.560095,40.394976
pylus,21.661236,36.952627
pyranthus,25.203857,35.079935
pyrrha,26.203993,39.127885
pyxus,15.511849,40.083851
qarqisiyah,40.3166,35.23349
qasr_al-salam,44.36169,33.30097
qastmuniyah,33.77528,41.37805
qaysariyah,53.06009,36.56332
qazwin,50.0041,36.26877
qinnasrin,37.01667,35.98333
quedlinburg,11.147222222222,51.791666666667
qumm,50.8764,34.6401
quniyah,32.48464,37.87135
qustantiniyah,28.94966,41.01384
ra's_al-ayn,40.14643,36.75664
rabat,-6.83255,34.01325
rabbath-moba,35.736,31.272021
rahway_new_jersey,-74.2811114,40.607222
ramhurmuz,49.60351,31.27997
raphanea,36.39298,34.966351
raphia,34.225777,31.297428
ravenna,12.196604,44.415718
ravenna_com,12.196604,44.415718
rayy,51.27743,35.37448
recklinghausen,7.161944,51.585
regensburg,12.083333333333,49.016666666667
rekem,5.683333,50.916667
rhaucus,25.024828,35.228138
rhegium,15.64393,38.109279
rheinberg_berk_am_rhein,6.6005555555556,51.546666666667
rhens,7.6180555555556,50.280555555556
rhesaena,40.056065,36.848658
rhithymna,24.472901,35.371092
rhizon,18.695,42.514722
rhizos,22.793283,39.832598
rhoda,3.166667,42.266667
rhodes,28.216667,36.433333
rhodiapolis,30.268085,36.3871996
rhoeteium,26.304805950000002,40.0095377
rhosus,35.892815,36.411822
rome,12.5,41.9
romula,-5.996293,37.382668
rostock,12.133333,54.083333
rotomagus,1.097921,49.441459
rubi,16.485161,41.118427
rupert_vermont,-73.188056,43.273333
rusadir,-2.938047,35.292135
ruscino,2.946575,42.709811
rusicade,6.906202,36.883244
rutherfordton_north_carolina,-81.958889,35.366389
saalfeld,11.366667,50.65
sabratha,12.484959,32.805896
sabtah,-5.31979,35.88933
sabur,48.2573,33.4108
sabur_khwast,48.35583,33.48778
sacili,-4.507159,38.005797
sacramento_california,-121.468926,38.555605
saetabis,-0.515639,38.988847
sagalassus,30.5253,37.6801
saguntum,-0.278608,39.680031
saitta,28.624,38.703021
sala_mauretania,-6.832732,34.015037
salacia,-8.519503,38.371152
salamis_attica,23.5,37.933333
salamis_cyprus,33.903589,35.175101
salapia,15.9933,41.403381
salona,16.483426,43.539561
salpensa,5.767,37.183
salt_lake_city_utah,-111.883333,40.75
salviana,6.256714,36.135656
salzwedel,11.15,52.85
samaria_samaria,35.195,32.276389
samarqand,66.95972,39.65417
samarra,43.88568,34.1959
same,20.658925,38.254596
samos,26.943056,37.689444
samothrace,25.526069,40.502559
samsosata,38.471342,37.564519
san_antonio_texas,-98.5,29.416667
san_francisco,-122.4192,37.7793
sana'a,44.20667,15.35472
saraqustah,-5.96537,41.46899
sardes,28.040286,38.488314
sari,53.06009,36.56332
sarmizegetusa,22.78765350580181,45.517353776724235
sarnoa,19.5,40.5
sarus,35.32889,37.00167
savatra,33.134068,37.959034
sawah,50.3566,35.0213
scamandria,26.364872,39.83749
scarpheia,22.644193,38.807465
scepsis,26.688003,39.82554
schwabach,11.020833333333,49.329166666667
schwaebisch_hall,9.7375,49.112222222222
schweinfurt,10.233333333333,50.05
schwerin,11.416666666667,53.633333333333
sciathus,23.488506,39.164021
scione,23.574785,39.939063
scodra,19.527653,42.074283
scotussa,22.574579,39.37552
scylletium,16.597035,38.817212
scyros,24.565356,38.902984
scythopolis,35.504002,32.504649
searo,-5.751603,37.052397
sebaste_paphlagonia,34.214722,41.513889
sebaste_phrygia,29.655699,38.496089
sebaste_syria,35.195158,32.276172
sebasteia_heracleopolis,36.1,40.0
sebasteia_pontus,37.015335,39.750377
sebastopolis_caria,29.173649,37.504493
segeda,-1.51768,41.289132
segesta,12.83249,37.941433
segisa,-1.543056,41.316111
segobriga,-2.81302,39.885321
segovia,-4.119338,40.949191
seleuceia_ad_calycadnum,33.927572,36.381739
seleuceia_ad_pyramum,35.619478,36.95778
seleuceia_ad_tigrim,44.517222,33.137222
seleuceia_pieria,35.921192,36.124449
seleuceia_sidera,30.622264,37.894362
selge,31.127926,37.228321
selinus_cilicia,32.2834969,36.2581165
selinus_sicily,12.82512,37.582841
selymbria,28.247677,41.078496
semes,-5.5548,34.0725
sepphoris,35.283791,32.75411
serdaei,15.8518982,39.8939335
serdica,23.333333,42.7
serez,36.49898,38.47917
sergentium,14.7656,37.5075
seriphos,22.933333,37.933333
sermyle,23.539631,40.298222
serres,23.54757,41.08499
sesamus,32.385648,41.746969
sestus,26.417225,40.228356
seteisken,-0.35,41.316667
seville,-5.97317,37.38283
sexsi,-3.690755,36.734589
shabankarah,50.99524,29.47235
shadiyabad,83.37483,25.67899
shakyh_kabir,56.1357,29.3701
shaqq_al-taymarah,51.67462,32.65246
shiraz,52.53114,29.61031
shirwan,57.92952,37.39669
shustar,48.8567,32.0455
sibidunda,30.277986,37.213828
siblia,29.57,37.75
siceliotae,14.2705536,37.5668955
sicinos,25.116667,36.683056
siculo_punic,14.15,37.15
sicyon,22.722718,37.980475
side,31.3934,36.7724
sidon,35.375272,33.560413
sidre_qapisi,23.54757,41.08499
sidyma,29.1853523,36.4095749
siga,-1.454551,35.23991
sigeum,26.184284,39.993701
signia,13.019055,41.697949
sijilmasah,-4.28,31.28
sijistan,61.86037,30.95962
silandus,28.828786,38.749406
silerae,14.014815,37.669568
sillyum,30.98638,36.990721
simyra,35.986111,34.708056
sinde,37.310251,44.892209
singara,41.864403,36.323599
sinjar,41.87656,36.3209
sinope,35.143037,42.025776
siphnos,24.666667,36.983333
siqilliyah,13.33561,38.13205
siris,16.54137,40.149042
sirmium,19.610106,44.966447
sisapo,-4.517906,38.645383
siscia,16.371388,45.483168
siwas,37.01611,39.74833
smyrna,27.142778,38.423889
soli-pompeiopolis,34.5378936,36.7426583
soli_cyprus,32.8126,35.1404
solus,13.527452,38.082498
spain,-4.1308594,38.822591
spandau,13.2,52.55
speyer,8.4311111111111,49.319444444444
stageira,23.79204,40.593031
stectorium,30.148528,38.331247
stendal,11.85,52.6
stiela,14.0625,37.6838
stobi,21.977716,41.531391
stolberg_harz,10.949722222222,51.566666666667
stralsund,13.083333333333,54.3
strasbourg,7.7522222222222,48.573333333333
stratoniceia,28.059198,37.313829
stratoniceia_hadrianpolis,27.801765,39.142114
stratus,21.316272,38.672848
stuttgart,9.183333,48.783333
stuttgart_berg,9.207778,48.793611
stymphalus,22.464499,37.878467
suessa_aurunca,13.933756,41.241907
sultaniyah,48.7976,36.4348
suq_al-ahwaz,48.6842,31.31901
sur,35.19389,33.27333
sur_al-ma'muniyah,35.19389,33.27333
sur_man_ra'a,43.88568,34.1959
susa,48.257785,32.18922
syangela,27.570356,37.050371
sybaris,16.4502239,39.7506872
sybrita,24.639291,35.25874
syedra,32.1489653,36.4464809
syme,27.843425,36.61839
synaus,28.981736,39.0923209
synnada,30.55,38.533333
syracuse,15.283333,37.083333
syros,24.9,37.45
tabae,28.845278,37.439167
tabala,28.803373,38.612168
tabariyah,35.53124,32.79221
tabriz,46.2919,38.08
tamusida,-6.072083,39.346303
tanagra,23.533333,38.316667
tanus,24.200549,35.447544
taqdamt,1.31699,35.37103
tarabulus,35.84972,34.43667
tarabulus_libya,13.18746,32.87519
taras,17.2701645,40.4545235
taraz,71.36667,42.9
tarra,23.970017,35.236215
tarraco,1.249594,41.115697
tarryall_colorado,-105.475556,39.121944
tarsus,34.9,36.916667
tashkent,69.21627,41.26465
tauberbischofsheim,9.6627777777778,49.6225
taulara,36.552,40.2621
tauromenium,15.292135,37.852469
tavium,34.516565,39.858454
taxila,72.815207,33.745685
teanum_sidicinum,14.067524,41.252351
teate,14.167152,42.351795
tegea,22.4205,37.455333
tehran,51.42151,35.69439
telmessus,29.120348,36.623779
telos,27.338729,36.463938
temenothyrae,29.412739,38.676609
temesa,16.159633,39.036454
temnus,27.196998,38.671912
tenea,22.834379,37.798572
tenedos,26.069085,39.8339
tenestini,20.75,41.1
tenos,25.166667,37.533333
teos,26.837477,38.199104
terina,16.238922,38.944865
termera,27.298363,36.995872
termessus_major,30.464189,36.982469
termessus_minor,29.560692,36.813153
termez,67.27833,37.22417
terone,23.908089,39.976277
teucheira,20.5603,32.5354
teuthis-achaean_league,22.041285,37.597441
teuthrania,27.054771,39.035223
thaena,10.668197,34.655157
thaliadae,21.947446,37.782355
thapsus,11.042848,35.622554
thasos,24.703702,40.777626
thebae,22.818269,39.279549
thebe,27.020171,39.597431
thebes,23.317355,38.319236
theisoa-achaean_league,21.552778,37.679167
theisoa,21.934167,37.516533
thelpusa,21.87884,37.710489
themisonium,31.519775,38.350273
theodosia,35.378768,45.04609
thera,25.477816,36.363374
therma,22.94402,40.58155
thermae_himerenses,13.696138,37.983992
thespiae,23.158322,38.303559
thessalian_league,22.416667,39.641667
thessalonica,22.95,40.633333
thraco-macedonian,23.2525635,41.2406419
thronium,22.725727,38.775841
thuria,22.044664,37.108636
thurium,16.4502239,39.7506872
thyatira,27.849235,38.898515
thyrrheium,20.980902,38.854918
tiberias,35.542011,32.775458
tiberiopolis,29.32414,39.374622
ticinum,9.156562,45.185899
tiflis,44.83368,41.69411
tigranocerta,41.008895,38.139472
tilimsan,-1.315,34.87833
tilleda,11.143333333333,51.420555555556
timbriada,31.063086,37.806247
tingis,-5.810048,35.787924
tiryns,22.799814,37.596719
tisna,27.065592,38.772883
titiopolis,32.8106421,36.0929922
titum,-1.75,40.1
tityassus,31.401349,37.700415
tium,32.0224,41.558949
tlos,29.420789,36.553889
tmolus_aureliopolis,27.877777,38.476241
toletum,-4.024491,39.85668
tomaris,28.066301,38.881219
tomis,28.638299,44.173224
topirus,24.773105,41.079556
torgau,13.005555555556,51.560277777778
tours,0.68333,47.38333
tragilus,23.721626,40.844865
trajanopolis_phrygia,29.517157,38.713925
trajanopolis_thrace,26.117731,40.867584
tralles,27.8458,37.8444
trapezopolis,28.94395,37.859589
trapezus,39.718172,41.002662
trebenna,30.457546,36.875591
trebizond,39.733333,41.0
treveri,6.641389,49.756667
tricca,21.782998,39.568904
trierus,24.77,41.07
tripolis_ad_maeandrum,28.971748,38.061104
tripolis_phoenicia,35.8387756,34.4290008
troezen,23.362444,37.496395
tuder,12.408494,42.780253
tuebingen,9.055556,48.52
tunis,10.16579,36.81897
turiaso,-1.725329,41.902823
tustar_min_al-ahwaz,48.8567,32.0455
tyana,34.560186,37.893752
tylisus,25.015797,35.295075
tyndaris,15.044148,38.14375
tyras,30.350539,46.200948
tyre,35.1949382,33.2737132
tyrrheni,13.696,37.987
ulia,-4.698889,37.648657
ulm,9.9833333333333,48.4
uman,30.214650842780685,48.749557151886144
umm_al-qurrah,39.82563,21.42664
umm_durman,32.47773,15.64453
unna,7.6888888888889,51.534722222222
untikesken,3.108503,42.132111
uranopolis,23.934807,40.363569
urso,-5.10278,37.236984
utica,10.061128,37.054967
utrecht,5.12222,52.09083
uxentum,18.161389,39.927222
uzkand,73.30068,40.76994
valentia,-0.366667,39.483333
velia,15.154444,40.159444
venice,12.33265,45.43713
ventipo,-4.759548,37.29389
venusia,15.818321,40.961051
verbe,30.266414,37.239357
verden,9.2305555555556,52.921111111111
verulamium,-0.354941,51.746303
vetulonia,10.971171,42.859446
vibo_valentia,16.097648,38.675581
vienna,16.37208,48.20849
viminacium,21.166605,44.716471
vindobona,16.370278,48.210833
volaterrae,10.861106,43.401431
volcei,15.379029,40.633914
volsinii,11.986114,42.644852
vulci,11.628128,42.419129
walilah,-5.55703,34.0737
wasit,45.7521,32.60241
weimar,11.316666666667,50.983333333333
werl,7.92,51.55
west_point,-74.05,41.366667
wetzlar,8.5,50.566666666667
wittenberge,11.75,53.0
woerth_am_main,9.1575,49.796389
wolfenbuettel,10.536944444444,52.162222222222
worms,8.3652777777778,49.631944444444
wuerzburg,9.9294444444444,49.794444444444
xanten,6.4538888888889,51.662222222222
xanthus,29.327378,36.362742
yale,-72.92655,41.31115
yazd,54.3675,31.89722
zacynthus,20.9,37.783333
zancle,15.556634,38.192251
zanjibar,39.19793,-6.16394
zankle,15.556634,38.192251
zaragossa,-5.96537,41.46899
zaranj,61.86037,30.95962
zela,35.899707,40.309234
zeleia,27.5972,40.203584
zellerfeld,10.341389,51.814722
zephyrium,34.638066,36.808642
zeugma,37.048025,37.876849
zilis,-5.912359,35.51418
zone,25.755818,40.848568
zons,6.842778,51.121944